amazon_id,google_id,amazon_title,google_title,similarity
b0000dbykm,http://www.google.com/base/feeds/snippets/18434163358494173665,mia's math adventure: just in time,kutoka interactive 61208 mia's math adventure: just in time!,0.6399999999999999
b000bcz8ng,http://www.google.com/base/feeds/snippets/3077454195131808819,world book encyclopedia 2006,world book 2006,0.5249999999999999
b000fm18vi,http://www.google.com/base/feeds/snippets/3620383930983735395,musicalis guitar workshop,musicalis universal guitar workshop,0.5249999999999999
b000ap2wyw,http://www.google.com/base/feeds/snippets/2622452102774676117,kids power fun for girls,kids power fun for girls,0.7
b000o24l3q,http://www.google.com/base/feeds/snippets/5181661570525386541,adobe premiere pro cs3 upgrade,adobe premiere pro cs3 upgrade,0.7
b00023azve,http://www.google.com/base/feeds/snippets/4949402291543451335,family tree maker 11.2 collector's edition,family tree maker 11 collector's edition,0.6124999999999999
b000ndicuy,http://www.google.com/base/feeds/snippets/2263647849333008264,adobe fireworks cs3 [mac],adobe fireworks cs3,0.5249999999999999
b0007yepy6,http://www.google.com/base/feeds/snippets/4783370532123880956,instant home design 3.0 [lb],instant home design 3.0,0.5833333333333334
b000cpmtwk,http://www.google.com/base/feeds/snippets/1417708435719198149,x-oom internet movies 2,x-oom internet movies 2,0.7
b0002qnd2y,http://www.google.com/base/feeds/snippets/975032998818002648,form workshop 1200,form workshop 1200,0.7
b000cqyclu,http://www.google.com/base/feeds/snippets/1695089910833084773,my first bible stories,my first bible stories (jc),0.5599999999999999
b0001db6i6,http://www.google.com/base/feeds/snippets/12904825904608701558,the big mix (mac),the big mix,0.5249999999999999
b000bezsyi,http://www.google.com/base/feeds/snippets/10911853136488554482,imsi turbocad designer v.11,imsi turbocad designer 11,0.5599999999999999
b0007g9760,http://www.google.com/base/feeds/snippets/11567429261409321598,lavasoft ad-aware plus edition,lavasoft ad-aware plus edition,0.7
b000ivhozk,http://www.google.com/base/feeds/snippets/12543046747030237240,instant immersion language lab deluxe edition,instant immersion language lab deluxe edition,0.7
b000buqo9a,http://www.google.com/base/feeds/snippets/12604725900103506627,elementary school success deluxe 2006,elementary school success deluxe 2006,0.7
b00032heya,http://www.google.com/base/feeds/snippets/6195321262763979528,national geographic presents: redshift planetarium,national geographic redshift planetarium,0.5599999999999999
b000butd6q,http://www.google.com/base/feeds/snippets/6990565128537638388,math success deluxe 2006,math success deluxe 2006,0.7
b00032hexq,http://www.google.com/base/feeds/snippets/6856336028258284106,national geographic presents: forces of nature,national geographic: forces of nature,0.5833333333333334
b0009i9tqy,http://www.google.com/base/feeds/snippets/12306142837405920435,clifford the big red dog - thinking adventures,clifford the big red dog - thinking adventures,0.7
b00024yohy,http://www.google.com/base/feeds/snippets/9205821354688722990,mastercook deluxe low carb,mastercook deluxe low carb edition,0.5599999999999999
b000ap0h94,http://www.google.com/base/feeds/snippets/7651654029530591686,kids power fun for little ones,kids power fun for little ones,0.7
b000bnb72g,http://www.google.com/base/feeds/snippets/17010841797296818807,movies on psp,movies on psp,0.7
b000ap422c,http://www.google.com/base/feeds/snippets/15918748426604243470,kids power fun for kids,kids power fun for kids,0.7
b000fa5ens,http://www.google.com/base/feeds/snippets/18384136689746651786,mom standard ops mgmt lic 2005 english mlp 5 oml,mom standard ops mgmt lic 2005 english mlp 5 oml,0.7
b000hj9r3u,http://www.google.com/base/feeds/snippets/18422892267475594445,mac os x server v10.4.7 10-client,apple apple mac os x server 10 4 7 10 client,0.5599999999999999
b000gaoo7y,http://www.google.com/base/feeds/snippets/18384280629938052082,kaplan sat/act/psat express,kaplan sat/act/psat express,0.7
b000jj4fbw,http://www.google.com/base/feeds/snippets/18427202789383020961,emedia essential bass guitar,emedia essential bass guitar dvd,0.5599999999999999
b000qs8n64,http://www.google.com/base/feeds/snippets/18422266773656246362,total training for adobe creative suite 3: design premium bundle,total training for adobe creative suite 3 design premium,0.63
b000hysu2y,http://www.google.com/base/feeds/snippets/18409957880168870961,myinvoices & estimates deluxe,myinvoices & estimates deluxe,0.7
b000j4k804,http://www.google.com/base/feeds/snippets/18411875162562199123,instant immersion spanish (audio book),topics entertainment 40248 instant immersion spanish audio book audio book,0.7375
b00008mopv,http://www.google.com/base/feeds/snippets/13893790598310451613,cisco security server agent for windows and solaris - license - 100 agents - win solaris ( csa-b100-srvr-k9 ),csa-b100-srvr-k9 cisco security server agent - license - 100 agents - win solaris,0.56875
b0008ews9o,http://www.google.com/base/feeds/snippets/10066664236286478958,instant immersion french 2.0,instant immersion italian 2.0,0.7666666666666666
b000fbk6gc,http://www.google.com/base/feeds/snippets/18446612824766852081,hidden expedition: titanic,hidden expedition: titanic,0.7
b00005atxo,http://www.google.com/base/feeds/snippets/11430069725574750424,watchguard serverlock manager (100 servers),serverlock manager - 100 servers,0.5599999999999999
b000eavbdq,http://www.google.com/base/feeds/snippets/18443105453266961029,master server-upg,master server-upg,0.7
b000ozhfsq,http://www.google.com/base/feeds/snippets/18438075297130458214,tlc dr. seuss reading learning system 2008,encore tlc dr seuss reading learning system 2008,0.6124999999999999
b000e6q3em,http://www.google.com/base/feeds/snippets/18435517580056006507,pantone reference library,pantone gps206 - reference library,0.5249999999999999
b0009hmx36,http://www.google.com/base/feeds/snippets/18435954901092427938,procurve vpn client software unlimited client licenses,procurve vpn client software unlimited client licenses,0.7
b000e5n0mg,http://www.google.com/base/feeds/snippets/10008484121273338467,hallmark blank greeting cards half-fold matte premium 20 count,hallmark blank greeting cards half-fold matte premium 20 count (2050xf),0.6363636363636364
b0000dzfvd,http://www.google.com/base/feeds/snippets/53664055052324568,hp storageworks secure path for windows workgroup edition - ( v. 4.0c ) - license ( 213076-b26 ),231319-b26 hp storageworks secure path for windows workgroup edition - ( v. 4.0c ) - licens,0.5249999999999999
b000jx29wa,http://www.google.com/base/feeds/snippets/18403866794415896226,instant immersion japanese (audio book),instant immersion japanese (audio book) (audio book),0.7
b0002bqrq8,http://www.google.com/base/feeds/snippets/18386073325514862606,smart steps 4th grade,smart steps - 4th grade (jc),0.5599999999999999
b000aly75i,http://www.google.com/base/feeds/snippets/18391095906680955632,home bartending - 101 shooters,home bartending - 101 shooters,0.7
b000a7mfn8,http://www.google.com/base/feeds/snippets/18387170188665857199,jumpstart reading with karaoke,knowledge adventure 20033 jumpstart reading with karaoke,0.7
b000hlt57q,http://www.google.com/base/feeds/snippets/16709319501877103249,iremember digital scrapbooking 2.0,csdc iremember digital scrapbooking 2.0,0.5833333333333334
b0000y7wck,http://www.google.com/base/feeds/snippets/18395209041486825295,adobe acrobat distiller svr v6-cd sun 100u ( 42050106 ),adobe 42050106 acrobat distiller svr v6-cd sun 100u,1.0
b00008pbus,http://www.google.com/base/feeds/snippets/13569469265401894942,sonicwall global vpn client - license ( 01-ssc-5310 ),01-ssc-5310 sonicwall global vpn client - license - 1 user - win,0.509090909090909
b000a6jrwq,http://www.google.com/base/feeds/snippets/13524826089365576174,cisco ios enterprise services - complete package ( cd28-esk9= ),cd28-esk9= cisco ios enterprise services - complete package - cd,0.6222222222222221
b000ndibaa,http://www.google.com/base/feeds/snippets/3285016045940957596,adobe illustrator cs3 upgrade from freehand [mac],adobe illustrator cs3 upgrade from freehand for mac,0.6124999999999999
b000jqv8t2,http://www.google.com/base/feeds/snippets/12962968220446257144,red hat enterprise linux ws - ( v. 4 update 4 ) - license - 1 workstation ( rl296aa ),rl296aa red hat enterprise linux ws - ( v. 4 update 4 ) - license - 1 workstation,0.7
b000icpcxa,http://www.google.com/base/feeds/snippets/11612522455757531502,printshop home & office labels,printshop home & office labels,0.7
b000j54pac,http://www.google.com/base/feeds/snippets/13221664962106693367,photo explosion deluxe 3.0,photo explosion deluxe 3.0 nova,0.5833333333333334
b000e8jl80,http://www.google.com/base/feeds/snippets/4682448981783641744,adobe after effects professional 7.0,adobe after effects professional 7.0 software effects software,0.6
b0001y7poo,http://www.google.com/base/feeds/snippets/8489592412659021834,hp sp linux we 50 lic/cd 3.0c ( t3586a ),sp linux we 50 lic/cd 3.0c,0.5599999999999999
b000ndibq4,http://www.google.com/base/feeds/snippets/7928058720709111960,adobe photoshop cs3 extended [mac],adobe photoshop cs3 extended for mac,0.5833333333333334
b000ndibci,http://www.google.com/base/feeds/snippets/5536147337142384196,adobe indesign cs3 [mac],adobe indesign cs3 for mac,0.5599999999999999
b000edkurg,http://www.google.com/base/feeds/snippets/13699037964945038111,world of rainbow fish,world of rainbow fish (a9839m2h),0.5599999999999999
b00069e7ko,http://www.google.com/base/feeds/snippets/13726998241496860922,adobe acrobat 7.0 professional,adobe acrobat professional 7,0.5599999999999999
b000hc0m36,http://www.google.com/base/feeds/snippets/12949835105262366018,quickbooks credit card processing kit 3.0,qb credit card kit 3.0,0.7375
b0008ewsai,http://www.google.com/base/feeds/snippets/10066664236286478958,instant immersion italian 2.0,instant immersion italian 2.0,1.0
b00009adf3,http://www.google.com/base/feeds/snippets/12203635138191657547,instant immersion 33 languages,instant immersion 33 languages,1.0
b00070j14y,http://www.google.com/base/feeds/snippets/12598805267732599375,super solvers - spellbound! ! - school edition for mac,super solvers - spellbound! ! - school edition for mac,0.7
b00009apn8,http://www.google.com/base/feeds/snippets/17298617365180292947,the printshop 20,the printshop 20,0.7
b00004wi4b,http://www.google.com/base/feeds/snippets/12764063569426395567,startopia,startopia,0.7
b000e0tcj6,http://www.google.com/base/feeds/snippets/12583145395024390893,easy home massage - dvd,easy home massage - dvd,0.7
b0002bqqtq,http://www.google.com/base/feeds/snippets/12603976278153658661,my maillist & addressbook,my maillist & addressbook,0.7
b000ickl1s,http://www.google.com/base/feeds/snippets/9414264968515515855,tonka search & rescue 2,tonka search & rescue 2,0.7
b000gsa7wc,http://www.google.com/base/feeds/snippets/9386459009047752378,wacky bird hunter,wacky bird hunter,0.7
b000aaqzpe,http://www.google.com/base/feeds/snippets/13375500071540864237,namco museum 50th anniversary collection,namco museum 50th anniversary,0.5599999999999999
b0002cu240,http://www.google.com/base/feeds/snippets/13494528319434009653,treasure galaxy 5-user lab pack for mac,treasure galaxy 5-user lab pack for mac,0.7
b0002667rc,http://www.google.com/base/feeds/snippets/10995621697768374915,madeline rainy day activities,madeline rainy day activities,0.7
b00029bosq,http://www.google.com/base/feeds/snippets/10898705926445837951,mighty math number heroes,mighty math number heroes,0.7
b000axs7vg,http://www.google.com/base/feeds/snippets/10652699125779985481,superstart! science arcade,superstart! science arcade,0.7
b000h25yse,http://www.google.com/base/feeds/snippets/10513395995817997188,state standards - grade 6,state standards - grade 6,0.7
b000ias0i6,http://www.google.com/base/feeds/snippets/11194384748675552467,wacky farm,wacky farm,0.7
b000ayfpkq,http://www.google.com/base/feeds/snippets/12780505155276594892,police quest compilation,police quest compilation,0.7
b00083grii,http://www.google.com/base/feeds/snippets/13276293278980872969,quickstart photo montage studio,quickstart photo montage studio,0.7
b000068xo6,http://www.google.com/base/feeds/snippets/13369356481632433699,season ticket football 2003,season ticket football 2003,0.7
b000c55alw,http://www.google.com/base/feeds/snippets/10177129616064822618,virusbarrier x4 10.4 for mac-10 users,virusbarrier x4 10.4 for mac-10 users (vbx4-10u),0.5444444444444444
b000h20hu4,http://www.google.com/base/feeds/snippets/11816902045207686274,family tree maker version 16 deluxe,family tree maker version 16 deluxe (10870),0.6
b0009yegcu,http://www.google.com/base/feeds/snippets/12024241460287341882,instant architect design suite,instant architect design suite (00ids510cc),0.5599999999999999
b00061u8sc,http://www.google.com/base/feeds/snippets/12121003713992255160,axis network camera 213 ptz - digital video camera ( 0220-004 ),axis network camera 213 ptz - digital video camera ( 0220-004 ) (0220-004),0.7
b00079yoii,http://www.google.com/base/feeds/snippets/9453018933566732249,backyard soccer (mls edition),backyard soccer mls edition,0.7
b000b45pkk,http://www.google.com/base/feeds/snippets/9803504071402999218,zipmagic personal edition,zipmagic personal edition,0.7
b000fzvv3u,http://www.google.com/base/feeds/snippets/9675508034468866052,poetry fiction and drama (win/mac) (jewel case),poetry fiction and drama (win/mac) (jewel case) (10172),0.6222222222222221
b000h14rqk,http://www.google.com/base/feeds/snippets/10090208868795399315,quicken 2007 premier,quicken 2007 premier win cd,0.72
b000ffsgga,http://www.google.com/base/feeds/snippets/9487354196638610375,route 66 mobile 7 - usa/cdn for windows mobile 5,route 66 mobile 7 - usa/cdn for windows mobile 5 (usa-7100-wms),0.5727272727272728
b000fzxiou,http://www.google.com/base/feeds/snippets/12642359421626863460,geometry (win/mac) (jewel case),geometry (win/mac) (jewel case) (10158),0.5833333333333334
b0002h6x34,http://www.google.com/base/feeds/snippets/4823291609006887387,reader rabbit preschool,reader rabbit preschool,0.7
b0001gjc52,http://www.google.com/base/feeds/snippets/13642535173107321529,cross stitch design studio (jewel case),cross stitch design studio (jewel case) (8006),0.6
b000f6ws54,http://www.google.com/base/feeds/snippets/13704505045182265069,math missions: the race to spectacle city arcade (grades k-2),math missions: the race to spectacle city arcade (grades k-2),0.7
b000ggmbhi,http://www.google.com/base/feeds/snippets/13635233890006695775,world of wild cats,world of wild cats,0.7
b000h229hi,http://www.google.com/base/feeds/snippets/10469754902338981968,state standards - grade 8,state standards - grade 8,0.7
b000icrgwk,http://www.google.com/base/feeds/snippets/10510400604129253122,cluefinders 3rd grade adventures: mystery of mathra,cluefinders 3rd grade adventures: mystery of mathra,0.7
b000aa87dm,http://www.google.com/base/feeds/snippets/10438244455449441805,ghostsurf platinum 2006 [lb],ghostsurf 2006 platinum,0.5249999999999999
b000e8jl7q,http://www.google.com/base/feeds/snippets/4682448981783641744,adobe after effects 7.0 professional (mac),adobe after effects professional 7.0 software effects software,0.5249999999999999
b000lu89xy,http://www.google.com/base/feeds/snippets/11784459841921410504,transfer my dvd,transfer my dvd (6601),0.5249999999999999
b00007lvdn,http://www.google.com/base/feeds/snippets/10376045838568127952,csi: crime scene investigation,csi: crime scene investigation,0.7
b000053f92,http://www.google.com/base/feeds/snippets/9814257640405704198,sega smash pack 2,sega smash pack 2,0.7
b000088nqp,http://www.google.com/base/feeds/snippets/9558419339728905800,post mortem,post mortem,0.7
b0002667o0,http://www.google.com/base/feeds/snippets/9938979900399241153,mother goose - interactive storybook,mother goose - interactive storybook,0.7
b000ic4f1u,http://www.google.com/base/feeds/snippets/10023413211060238963,let's learn about time & date,let's learn about time & date,0.7
b00030fsyk,http://www.google.com/base/feeds/snippets/9843714299914050934,living trust builder,living trust builder,0.7
b000ndibnc,http://www.google.com/base/feeds/snippets/13621056199586324139,adobe creative suite cs3 design standard upsell [mac],adobe creative suite 3 (cs3) design suite standard upgrade (upsell) - mac,0.5599999999999999
b000hkpb3e,http://www.google.com/base/feeds/snippets/14196843013410363847,zonealarm internet security suite,zonealarm(r) internet security suite,0.5599999999999999
b000o39u3g,http://www.google.com/base/feeds/snippets/13023052343955574084,adventure workshop 1st-3rd grade 8th edition,adventure workshop 1st-3rd grade. 8th edition (pc) encore,0.5444444444444444
b000hlv6mi,http://www.google.com/base/feeds/snippets/10688959294324458483,fun for kids: preschool - kindergarten featuring disney,fun for kids featuring disney - preschool to kindergarten topics,0.5444444444444444
b000hlr9my,http://www.google.com/base/feeds/snippets/18368153783802816439,adobe premiere elements 3.0 [lb],adobe premiere elements 3.0,0.5833333333333334
b000g1gaac,http://www.google.com/base/feeds/snippets/9768782377184528743,big oil: build an oil empire,big oil: build an oil empire,0.7
b0001wn0li,http://www.google.com/base/feeds/snippets/18379653518269884966,microsoft powerpoint 2004 upgrade (mac),microsoft powerpoint mac 2004 version upgrade,0.5833333333333334
b0006ni698,http://www.google.com/base/feeds/snippets/11865417944403325412,magellan mapsend lakes (usa south),magellan mapsend lakes usa south,0.7
b000he4riu,http://www.google.com/base/feeds/snippets/12068923163500219493,mcafee virusscan plus 2007,mcafee virusscan plus 2007 (pc),0.5599999999999999
b000frttvy,http://www.google.com/base/feeds/snippets/10497976503252074561,kaspersky anti-virus 6.0,kaspersky anti-virus 6.0 (pc),0.5833333333333334
b000fzxisg,http://www.google.com/base/feeds/snippets/10282477376383378142,merriam-webster's dictionary (win/mac) (jewel case),merriam-webster's dictionary (win/mac) (jewel case) (10462),0.6222222222222221
b000ibfix0,http://www.google.com/base/feeds/snippets/11644373176556982932,tank battle,tank battle,0.7
b0002z4boo,http://www.google.com/base/feeds/snippets/11487394514676430806,home budget for dummies,home budget for dummies,0.7
b0007m3pcg,http://www.google.com/base/feeds/snippets/11330215393556366354,zonealarm wireless security,zonealarm wireless security 2005,0.5249999999999999
b0008ews6w,http://www.google.com/base/feeds/snippets/11041238021562109147,instant immersion japanese 2.0,instant immersion japanese 2.0,0.7
b000flcn40,http://www.google.com/base/feeds/snippets/11305609082663670615,encyclopedia of our living oceans,encyclopedia of our living oceans,0.7
b0003517ls,http://www.google.com/base/feeds/snippets/11976142486373245711,quickstart pc cleaner xp,quickstart pc cleaner xp,0.7
b0002664gq,http://www.google.com/base/feeds/snippets/11869606589747761538,crayola first ladies costume maker,crayola first ladies costume maker,0.7
b00002cf7w,http://www.google.com/base/feeds/snippets/11648097795915093399,south park chef's luv shack,south park chef's luv shack,0.7
b000icpeva,http://www.google.com/base/feeds/snippets/9238210867244449104,backyard skateboarding,backyard skateboarding,0.7
b000eqazb4,http://www.google.com/base/feeds/snippets/12965745281480952652,cosmi rom07524 print perfect business cards dvd,print perfect business cards dvd (pc) cosmi,0.5249999999999999
b000ap41x2,http://www.google.com/base/feeds/snippets/12295157042839457732,rayman 10th anniversary collection,rayman 10th anniversary collection,0.7
b000jvimau,http://www.google.com/base/feeds/snippets/12411157260503394365,pdf converter 4,scansoft pdf converter 4,0.5249999999999999
b000hlp64w,http://www.google.com/base/feeds/snippets/11554840496283672285,human body 360,human body 360 megasystems,0.5249999999999999
b00070j13a,http://www.google.com/base/feeds/snippets/9454895680807991662,bodyworks 6.0 25-user building site license,bodyworks 6.0 25-user building site license,0.7
b000e0f3yo,http://www.google.com/base/feeds/snippets/10305340032656039276,virtual labs: light,virtual labs: light,0.7
b000gs9tq2,http://www.google.com/base/feeds/snippets/10192871543291254639,pressure pop!,pressure pop!,0.7
b000ema3zq,http://www.google.com/base/feeds/snippets/11599304001520708679,essential business tools 2.0,essential business tools 2.0,0.7
b000fu3dn6,http://www.google.com/base/feeds/snippets/10933188323488204533,let's make stickers,let's make stickers,0.7
b000gkli0a,http://www.google.com/base/feeds/snippets/16555691540653957564,hoyle card games 2007,hoyle(r) card games 2007,0.5599999999999999
b000qgixde,http://www.google.com/base/feeds/snippets/18360307000127444765,the guild 2 - pirates of the seas,guild 2: pirates of the seas,0.7
b00008mnxr,http://www.google.com/base/feeds/snippets/13582930230756997101,microsoft windows server 2003 client additional license for devices - 5 pack,microsoft windows server 2003 client additional license for devices - 5 pack (823930),0.6416666666666666
b000kg86b4,http://www.google.com/base/feeds/snippets/18360175926672582960,mediapilot kit,mediapilot kit,0.7
b000aoz7fo,http://www.google.com/base/feeds/snippets/11345298028198994682,sony acid music studio,sony acid music studio (pc),0.5599999999999999
b000icpfmi,http://www.google.com/base/feeds/snippets/14325412592062687221,jumpstart 1st grade,jumpstart 1st grade (jc),0.5249999999999999
b0000ycfdg,http://www.google.com/base/feeds/snippets/13728717906019565465,simple movie maker,simple movie maker,0.7
b000ogsgym,http://www.google.com/base/feeds/snippets/4224056639442959853,adobe after effects cs3,adobe cs3 after effects,0.7
b000dz964i,http://www.google.com/base/feeds/snippets/18379602755577753525,anti-spyware 3.0 win normal 1u - new,anti-spyware 3.0 win normal 1u - new,0.7
b000t53788,http://www.google.com/base/feeds/snippets/18388829675891326365,sat act and psat 2007 platinum,sat act & psat 2007 platinum,0.5833333333333334
b000euhk3g,http://www.google.com/base/feeds/snippets/14356986779854403622,treasure mathstorm,treasure mathstorm,0.7
b000aa87pu,http://www.google.com/base/feeds/snippets/18373688292230003205,art explosion t-shirt factory deluxe 3.0,t-shirt factory deluxe 3.0,0.5249999999999999
b000ivkrvs,http://www.google.com/base/feeds/snippets/18393792313881524360,window washer,window washer,0.7
b000lpc8t0,http://www.google.com/base/feeds/snippets/18368153783802816439,adobe premiere elements 3.0,adobe premiere elements 3.0,0.7
b0006b64v2,http://www.google.com/base/feeds/snippets/18369825056478487049,star wars battlefront (mac),aspyr media 10900 star wars battlefront mac,0.7
b000qjrska,http://www.google.com/base/feeds/snippets/18371727039035112852,flyboys squadron mac,flyboys squadron mac,0.7
b000bndghk,http://www.google.com/base/feeds/snippets/18427441766979913551,hallmark card studio 2006,hallmark card studio 2006,0.7
b000hctyto,http://www.google.com/base/feeds/snippets/18372639879402584134,microsoft windows vista ultimate upgrade [dvd],microsoft windows vista ultimate upgrade,0.5833333333333334
b000bgtv80,http://www.google.com/base/feeds/snippets/11711993756559182415,instant immersion spanish deluxe 2.0,instant immersion spanish deluxe 2.0 topics,0.6
b000o27t8a,http://www.google.com/base/feeds/snippets/18195626752396679157,adobe creative suite cs3 design premium upgrade [mac],adobe creative suite 3 (cs3) design premium upgrade - mac,0.6222222222222221
b000ndib6y,http://www.google.com/base/feeds/snippets/11553460726656084647,adobe photoshop cs3 [mac],adobe photoshop cs3 for mac,0.5599999999999999
b000bx24o6,http://www.google.com/base/feeds/snippets/14415907760923977024,apple final cut express hd 3.5 (mac),apple final cut express hd 3.5,0.6124999999999999
b000hlt4y0,http://www.google.com/base/feeds/snippets/18368153783802816439,adobe premiere elements 3.0,adobe premiere elements 3.0,0.7
b000hbys5k,http://www.google.com/base/feeds/snippets/16494801122597503782,quickbooks simple start 2007,quickbooks(r) simple start 2007,0.5599999999999999
b00008mnxq,http://www.google.com/base/feeds/snippets/13582930230756997101,microsoft windows server 2003 client additional license for users-5 pack,microsoft windows server 2003 client additional license for devices - 5 pack (823930),0.5384615384615384
b000hc0lw8,http://www.google.com/base/feeds/snippets/16714036815187031033,quickbooks pro 2007 for mac (mac),intuit quickbooks pro 2007 for mac,0.5833333333333334
b000ej9w0q,http://www.google.com/base/feeds/snippets/10299611596430222322,adobe photoshop elements 4.0 (mac),adobe photoshop elements 4.0 mac,0.7
b0007lw23a,http://www.google.com/base/feeds/snippets/9643223122893875320,apple iwork '06 (mac dvd),iwork '06 (mac) apple,0.5599999999999999
b000hbxjxc,http://www.google.com/base/feeds/snippets/11125907881740407428,learning quickbooks 2007,learning quickbooks 2007,1.0
b000hcz8ey,http://www.google.com/base/feeds/snippets/11114112522015930440,microsoft onenote 2007,microsoft onenote 2007 (pc),0.5249999999999999
b000ndib7s,http://www.google.com/base/feeds/snippets/3473826515983580841,adobe photoshop cs3 upgrade [mac],adobe photoshop cs3 for mac upgrade,0.5833333333333334
b000hcxklc,http://www.google.com/base/feeds/snippets/9255722138583214734,microsoft outlook 2007,microsoft office outlook 2007,0.5249999999999999
b000ndic40,http://www.google.com/base/feeds/snippets/16934204320953872944,adobe indesign cs3 upgrade from pagemaker,adobe indesign cs3 for mac upgrade from pagemaker,0.5249999999999999
b000bgpqr0,http://www.google.com/base/feeds/snippets/10066664236286478958,instant immersion german deluxe 2.0,instant immersion italian 2.0,0.7
b000bknncq,http://www.google.com/base/feeds/snippets/10066664236286478958,instant immersion italian deluxe 2.0,instant immersion italian 2.0,0.8833333333333333
b0008ewsf8,http://www.google.com/base/feeds/snippets/10066664236286478958,instant immersion spanish 2.0,instant immersion italian 2.0,0.7666666666666666
b000ndid26,http://www.google.com/base/feeds/snippets/5673733196767057398,adobe dreamweaver cs3 [mac],adobe dreamweaver cs3,0.5249999999999999
b000ndid62,http://www.google.com/base/feeds/snippets/14736350815466474940,adobe dreamweaver cs3 upgrade [mac],adobe dreamweaver cs3 upgrade,0.5599999999999999
b0008glgrm,http://www.google.com/base/feeds/snippets/4178014773187756948,apple garageband jam pack: symphony orchestra,apple garageband jam pack: symphony orchestra,0.7
b000ndid4y,http://www.google.com/base/feeds/snippets/14736350815466474940,adobe dreamweaver cs3 upgrade,adobe dreamweaver cs3 upgrade,0.7
b000dinb4g,http://www.google.com/base/feeds/snippets/18414778073602422524,coreldraw graphics suite x3 upgrade,coreldraw graphics suite x3 upgrade windows,0.5833333333333334
b0000691kc,http://www.google.com/base/feeds/snippets/10510400604129253122,cluefinders 3rd grade adventures: mystery of mathra,cluefinders 3rd grade adventures: mystery of mathra,0.7
b0008glghc,http://www.google.com/base/feeds/snippets/2838840999646798655,apple garageband jam pack: remix tools,apple garageband jam pack: remix tools,0.7
b000hctysa,http://www.google.com/base/feeds/snippets/11246077198585695109,microsoft windows vista business full version [dvd],microsoft windows vista business full version,0.6
b000k7vinq,http://www.google.com/base/feeds/snippets/13253803285539541088,intervideo windvd 8 platinum,intervideo windvd 8 platinum (pc),0.5599999999999999
b000h16p9w,http://www.google.com/base/feeds/snippets/10330893806550846255,quicken 2007 deluxe,quicken 2007 deluxe win cd,0.72
b000bwzxk4,http://www.google.com/base/feeds/snippets/8498979351589060419,apple garageband jam pack: world music,apple garageband jam pack: world music,0.7
b000o26lo8,http://www.google.com/base/feeds/snippets/7972469902462196789,adobe after effects cs3 upgrade,adobe cs3 after effects upgrade,0.7
b000ndibe6,http://www.google.com/base/feeds/snippets/9761533219806554318,adobe indesign cs3 upgrade [mac],adobe indesign cs3 for mac upgrade,0.5833333333333334
b000ndibri,http://www.google.com/base/feeds/snippets/18195626752396679157,adobe creative suite cs3 design premium [mac],adobe creative suite 3 (cs3) design premium upgrade - mac,0.5444444444444444
b000bgtvda,http://www.google.com/base/feeds/snippets/10066664236286478958,instant immersion french deluxe 2.0,instant immersion italian 2.0,0.7
b000o27qfq,http://www.google.com/base/feeds/snippets/13621056199586324139,adobe creative suite cs3 design standard upgrade [mac],adobe creative suite 3 (cs3) design suite standard upgrade (upsell) - mac,0.5599999999999999
b0001wn1fs,http://www.google.com/base/feeds/snippets/11687167580478628748,microsoft word 2004 (mac),microsoft word 2004,0.5249999999999999
b000aa87go,http://www.google.com/base/feeds/snippets/1803780371601211439,broderbund print shop 21 deluxe,print shop deluxe 21,0.5599999999999999
b000h16pag,http://www.google.com/base/feeds/snippets/17177110661893930612,quicken 2007 for mac,quicken(r) for mac 2007,0.5599999999999999
b0001gu7di,http://www.google.com/base/feeds/snippets/1035187390817409083,mavis beacon teaches typing deluxe 16,mavis beacon teaches typing 16 deluxe,0.7
b000fis8ew,http://www.google.com/base/feeds/snippets/18361636558506127089,corel ventura 10 dvd,ventura 10 dvd,0.5249999999999999
b00009vrfk,http://www.google.com/base/feeds/snippets/12049235575237146821,math missions: the amazing arcade adventure grades 3-5,math missions: the amazing arcade adventure (grades 3-5),0.7
b000a76zt8,http://www.google.com/base/feeds/snippets/18100099283119840324,microsoft works suite 2006,microsoft(r) works suite 2006,0.5599999999999999
b000hcz9ac,http://www.google.com/base/feeds/snippets/18394964067436310447,microsoft windows vista home basic upgrade [dvd],microsoft windows vista home basic upgrade (pc),0.5249999999999999
b000ofnrhy,http://www.google.com/base/feeds/snippets/9526578983773698753,adobe premiere pro cs3,adobe premiere pro cs3,0.7
b000bi8m2e,http://www.google.com/base/feeds/snippets/9000601847258285543,super collapse 3,super collapse! 3,0.7
b000pgq8sm,http://www.google.com/base/feeds/snippets/8648200549603855201,apple final cut studio 2 upgrade from final cut studio (mac),apple final cut studio 2 upgrade from final cut studio,0.6124999999999999
b000ezp0n8,http://www.google.com/base/feeds/snippets/17907379108807127194,delorme topo usa mapping software 6.0 west region,delorme mapping topo usa 6.0 west region,0.6222222222222221
b000bckm7i,http://www.google.com/base/feeds/snippets/13540884315258409885,mavis beacon teaches typing deluxe v17,mavis beacon teaches typing v17 deluxe pc/mac,0.5249999999999999
b0009tqb3w,http://www.google.com/base/feeds/snippets/6112085133304289995,mah jong quest,macplay mah jong quest,0.5249999999999999
b000pgs3cq,http://www.google.com/base/feeds/snippets/5631550280326312479,apple final cut studio 2 upgrade from final cut pro (mac),apple final cut studio 2 upgrade from final cut pro,0.6222222222222221
b000ecqxjq,http://www.google.com/base/feeds/snippets/5615075942724114350,sims 2 nightlife expansion pack,aspyr sims 2 nightlife expansion pack,0.5833333333333334
b0002nt5ho,http://www.google.com/base/feeds/snippets/5527718669808727624,microsoft virtual pc for mac 7.0 with windows xp home,microsoft virtual pc 7.0 windows xp home,0.509090909090909
b000ivjsb8,http://www.google.com/base/feeds/snippets/17787032142812456248,internet security barrier x4 antispam edition,intego inc internet security barrier x4 antispam edition,0.5249999999999999
b000csralc,http://www.google.com/base/feeds/snippets/17802084899902028186,vuvideo anywhere for your ipod,abacus vuvideo anywhere for your ipod,0.5833333333333334
b000piht7e,http://www.google.com/base/feeds/snippets/17817863026849640364,3d home architect home design deluxe version 9,encore inc 3d home architect home design deluxe version 9,0.5444444444444444
b000pijszk,http://www.google.com/base/feeds/snippets/18054567164113625813,usa/world extreme landscapes bundle,abacus usa/world extreme landscapes bundle,0.5833333333333334
b00008mnxz,http://www.google.com/base/feeds/snippets/9445487736380311288,microsoft windows terminal server 2003 client additional license for users- 5 user,microsoft windows terminal server 2003 client additional license for users- 5 user (824048),0.6461538461538462
b0000ca2ix,http://www.google.com/base/feeds/snippets/18405769282316939471,mcsa/mcse self-paced training kit (exams 70-292 & 70-296) - upgrading your certi,mcsa/mcse self-paced training kit (exams 70-292 and 70-296) upg. your,0.5133333333333333
b0001ghg64,http://www.google.com/base/feeds/snippets/17878975434909198145,datapilot cell phone data transfer suite universal,susteen inc datapilot cell phone data transfer suite universal,0.5444444444444444
b000dzfdbi,http://www.google.com/base/feeds/snippets/17922830512683848229,route 66 route canada (french),csdc route 66 route canada (french),0.5599999999999999
b000fer1cq,http://www.google.com/base/feeds/snippets/8056776198231015744,phase one capture one le,phase one capture one le,0.7
b000kbszns,http://www.google.com/base/feeds/snippets/14691100460127614059,family tree maker version 16 collectors edition,family tree maker 16 collectors edition,0.6
b000bi641a,http://www.google.com/base/feeds/snippets/8050920942672245174,sims 2 university expansion pack,aspyr sims 2 university expansion pack,0.5833333333333334
b000tl4qb4,http://www.google.com/base/feeds/snippets/1949229857064458441,morpheus photo animation suite,allume morpheus photo animation suite,0.5599999999999999
b000jx5jnq,http://www.google.com/base/feeds/snippets/17303242525950545639,scrapbook for windows,abacus scrapbook for windows,0.5249999999999999
b000bwzy7q,http://www.google.com/base/feeds/snippets/1759747759895818218,world of warcraft expansion: burning crusade,world of warcraft burning crusade,0.5833333333333334
b000ov404w,http://www.google.com/base/feeds/snippets/18304611545439824631,mike garson jazzical suite,mike garson mike garson - jazzical suite,0.7
b000fjs8sc,http://www.google.com/base/feeds/snippets/65578552457551022,clickart 1.2 million dvd 2006 by broderbund,encore software 10466 - clickart 1.2 million dvd 2006 by broderbund,0.509090909090909
b000n5meva,http://www.google.com/base/feeds/snippets/4282890852330556387,rollercoaster tycoon 3: soaked,rollercoaster tycoon 3 soaked,0.7
b000qclgqo,http://www.google.com/base/feeds/snippets/6176694480450258174,project x project management software,marware project x project management software,0.5599999999999999
b000eiau3u,http://www.google.com/base/feeds/snippets/18396389648150219430,microsoft office & windows training professional,microsoft office and windows training professional,0.5833333333333334
b000a2aknu,http://www.google.com/base/feeds/snippets/5520835678868977029,internet cleanup 3.0,allume internet cleanup 3.0,0.5599999999999999
b0000c7gep,http://www.google.com/base/feeds/snippets/18433413888105089937,humorous greeting card factory,nova development ghw humorous greeting card factory,0.7
b000aa878m,http://www.google.com/base/feeds/snippets/16354170032183470835,agatha christie: and then there were none,agatha christie: and then there were none,0.7
b0000vyk1o,http://www.google.com/base/feeds/snippets/17409160117322953940,power director 3,cyberlink power director 3,0.5249999999999999
b000ep8oju,http://www.google.com/base/feeds/snippets/17530305432950801722,cosmi rom03558 print perfect clip art deluxe,cosmi print perfect clip art deluxe,0.6
b000ndib8m,http://www.google.com/base/feeds/snippets/10834301366840736522,adobe illustrator cs3 [mac],adobe illustrator cs3 (mac),0.7
b000h13a2w,http://www.google.com/base/feeds/snippets/4703701453618359906,3d home architect landscape v.8 by encore software,encore software 10634 - 3d home architect home v.8 by,0.5599999999999999
b00009apiu,http://www.google.com/base/feeds/snippets/10241038066142254106,calendar creator 10,calendar creator 10,0.7
b000bc38o2,http://www.google.com/base/feeds/snippets/12383342975629473219,media studio for psp standard editon,media studio for psp standard editon (800060),0.6
b0006b6b1a,http://www.google.com/base/feeds/snippets/18378422702839985200,business plan writer deluxe 8.0 2005,nova development bsw business plan writer deluxe 8.0,0.72
b000o39u3q,http://www.google.com/base/feeds/snippets/18386729116244999637,adventure workshop preschool-1st grade 8th edition,adventure workshop preschool-1st grade 8th edition win,0.6124999999999999
b000fn6c2c,http://www.google.com/base/feeds/snippets/12289779973162323027,pinnacle mobile media converter,mobile media converter (pc) pinnacle,0.5599999999999999
b00006gxbz,http://www.google.com/base/feeds/snippets/9070775827291844765,i love the usa,global software a1055 i love the usa,0.6
b000ndibqy,http://www.google.com/base/feeds/snippets/17409309332075689843,adobe photoshop cs3 extended upgrade [mac],adobe photoshop cs3 extended for mac upgrade,0.6
b000m2yc32,http://www.google.com/base/feeds/snippets/10248910023220043204,microsoft onenote 2007 upgrade,microsoft onenote 2007 upgrade (pc),0.5599999999999999
b000lu89yi,http://www.google.com/base/feeds/snippets/17688197440309069858,system care professional,system care? professional,0.7
b0008glgmc,http://www.google.com/base/feeds/snippets/11641601394104549163,apple garageband jam pack: rhythm section,apple garageband jam pack: rhythm section,0.7
b000o231le,http://www.google.com/base/feeds/snippets/9043771553757075875,adobe soundbooth cs3 [mac],adobe soundbooth cs3,0.5249999999999999
b000hed3fi,http://www.google.com/base/feeds/snippets/5655410586169835557,the print shop 22 deluxe sb cs by the print shop,encore software 10741 - the print shop 22 deluxe sb cs by the print shop,0.509090909090909
b0006513tg,http://www.google.com/base/feeds/snippets/5781318040297863663,ipswitch inc ws ftp pro 9 sdk w/ ws ftp pro ( wd-1000-0900 ),ipswitch wd-1000-0900 ws_ftp pro 9 sdk w/ ws_ftp pro,0.6166666666666666
b000bgpqos,http://www.google.com/base/feeds/snippets/11041238021562109147,instant immersion japanese deluxe 2.0,instant immersion japanese 2.0,0.5833333333333334
b000ogsgzq,http://www.google.com/base/feeds/snippets/9526578983773698753,adobe premiere pro cs3,adobe premiere pro cs3,0.7
b000egmaj4,http://www.google.com/base/feeds/snippets/16555691540653957564,hoyle card games 2007,hoyle(r) card games 2007,0.5599999999999999
b000o3ek2m,http://www.google.com/base/feeds/snippets/12958721621590299185,elementary advantage 2008,elementary advantage 2008 encore,0.5249999999999999
b000iz8vqw,http://www.google.com/base/feeds/snippets/3000347833164648276,mobi recam camera monitoring and notification software,mobi-cam 70008 monitoring and notification software,0.5388888888888889
b000ndib96,http://www.google.com/base/feeds/snippets/9426718267663314434,adobe illustrator cs3 upgrade [mac],adobe illustrator cs3 upgrade for mac,0.5833333333333334
b000ndicze,http://www.google.com/base/feeds/snippets/15315731988494931444,adobe contribute cs3 [mac],adobe contribute cs3,0.5249999999999999
b000ro5o7s,http://www.google.com/base/feeds/snippets/12991998923940483779,vegas movie studiodvd+8 plat,vegas movie studiodvd+8 plat,0.7749999999999999
b00099xf0e,http://www.google.com/base/feeds/snippets/16819471998102486336,synet pc sharing kit(w/17ft usb ext.cable),synet electronics inc. synet pc sharing kit(w/17ft usb ext.cable),0.5727272727272728
b0001gu7jc,http://www.google.com/base/feeds/snippets/1035187390817409083,mavis beacon teaches typing 16,mavis beacon teaches typing 16 deluxe,0.5833333333333334
b000brczzk,http://www.google.com/base/feeds/snippets/3011334164286500167,computrace lojack for laptops: 3 year subscription,computrace lojack for laptops - 3 yr subscription,0.5249999999999999
b000brm3xe,http://www.google.com/base/feeds/snippets/11524039735478682676,computrace lojack for laptops: 1 year subscription,computrace lojack for laptops - 1 yr subscription,0.5249999999999999
b000rlqnr6,http://www.google.com/base/feeds/snippets/16687635820409313347,sony vegas movie studio + dvd 8 platinum edition,sony media software vegas movie studio + dvd 8 platinum edition,0.5599999999999999
b000nknb26,http://www.google.com/base/feeds/snippets/18407763828897928168,iaudioize - magnetic time for pc and mac,iaudioize magnetic time for pc and mac,0.7
b00076ywj2,http://www.google.com/base/feeds/snippets/12002408855288739955,eovia carrara 4 pro win/mac,eovia carrara 4 pro software - mac/win animation software,0.5249999999999999
b000fdetxq,http://www.google.com/base/feeds/snippets/4834494816656344498,apple remote desktop 3 unlim managed systems,apple remote desktop 3 unlimited managed systems,0.5249999999999999
b00005ljem,http://www.google.com/base/feeds/snippets/12349466713769759720,reader rabbit playtime for baby and toddler,reader rabbit playtime for baby & toddler,0.6
b000t9luce,http://www.google.com/base/feeds/snippets/18388359068656820969,norton internet security 2008 10 user,norton internet security 2008 10 user,0.7
b000o39u8q,http://www.google.com/base/feeds/snippets/12958721621590299185,elementary advantage 2008,elementary advantage 2008 encore,0.5249999999999999
b000fk8b42,http://www.google.com/base/feeds/snippets/15253105067631588667,math success deluxe 2007,math success(tm) deluxe 2007,0.5599999999999999
b000fetuiy,http://www.google.com/base/feeds/snippets/12766531527997249031,elementary school advantage 2007,elementary advantage 2007,0.5249999999999999
b000ieaplw,http://www.google.com/base/feeds/snippets/9680039907704769193,who wants to be a millionaire?,who wants to be a millionaire sports edition,0.5249999999999999
b000gkpe14,http://www.google.com/base/feeds/snippets/6596219200360663289,web.com site builder & hosting suite sb by web.com,encore software 10652 - web.com site builder & hosting suite sb by web.com,0.509090909090909
b000gkpds8,http://www.google.com/base/feeds/snippets/5515688203820371988,adventure workshop 4th-6th grade 7th ed sb cs by riverdeep,encore software 10118 - adventure workshop 4th-6th grade 7th ed sb cs by riverdeep,0.5499999999999999
b000etyt5o,http://www.google.com/base/feeds/snippets/13665841494141374823,ares rising,ares rising,0.7
b000pg8kxs,http://www.google.com/base/feeds/snippets/13312621869477195220,the print shop elements: labels & logos sb cs by the print shop,encore software 11041 - the print shop elements: labels& logos sb cs by the print shop,0.5249999999999999
b000pg8kwe,http://www.google.com/base/feeds/snippets/8283450521159112077,marine aquarium & goldfish screen saver by encore software,marine aquarium & goldfish screen saver by encore software,0.7
b000hed3fs,http://www.google.com/base/feeds/snippets/4811212829822917671,family tree maker version 16 collectors edition sb cs,encore software 10861 - family tree maker version 16 collectors edition sb cs,0.5249999999999999
b000ea9u2a,http://www.google.com/base/feeds/snippets/11826796220164615935,modeless liquid ledger personal finance software (mac),modeless software liquid ledger personal finance,0.6
b000gr1ceu,http://www.google.com/base/feeds/snippets/4703701453618359906,3d home architect home v.8 by encore software,encore software 10634 - 3d home architect home v.8 by,0.6222222222222221
b0000c4dx0,http://www.google.com/base/feeds/snippets/12956485848771496004,nova greeting card factory (mac),nova greeting card factory for mac,0.5833333333333334
b000p9eqva,http://www.google.com/base/feeds/snippets/13127837519859196528,burning monkey solitaire 4.0,freeverse burning monkey solitaire 4.0,0.5833333333333334
b000eezn2c,http://www.google.com/base/feeds/snippets/12329058540425314571,suitcase fusion 1u box,extensis suitcase fusion 1u box,0.5599999999999999
b00019tb00,http://www.google.com/base/feeds/snippets/272319572293073318,final cut express 2.0 upgrade,apple software m9372z/a final cut express 2.0 upgrade,0.52
b000bljed2,http://www.google.com/base/feeds/snippets/13747478666009449997,allume aquazone seven seas deluxe,allume aquazone seven seas deluxe edition,0.5833333333333334
b0009dwkwo,http://www.google.com/base/feeds/snippets/9753054521720614066,apple remote desktop 2.2 10 client (old version),apple software m9953z/a remote desktop 2.2 10 client,0.5318181818181817
b00005aycg,http://www.google.com/base/feeds/snippets/10901373095934236651,punch! master landscape & home design,punch software 25100 punch! master landscape and home design,0.7375
b000pgvk5s,http://www.google.com/base/feeds/snippets/3286136250930686353,apple final cut studio 2 (mac),apple final cut studio 2,0.5833333333333334
b000h3lza4,http://www.google.com/base/feeds/snippets/13919947739364726744,logic express 7.2 upgrade from logic Â express 6,apple logic express 7.2 upgrade from v.6,0.5444444444444444
b000enucs8,http://www.google.com/base/feeds/snippets/4968803125750101769,punch! master landscape professional & home design v 10.0,punch software master landscape professional & home design v 10.0,0.63
b000gaqlxe,http://www.google.com/base/feeds/snippets/14792132642669527606,aquazone bass edition,allume aquazone bass edition,0.5249999999999999
b000fdetx6,http://www.google.com/base/feeds/snippets/4635585281695496952,apple remote desktop 3 10 managed systems,apple remote desktop 3 (10 managed systems),0.7
b0006aao96,http://www.google.com/base/feeds/snippets/15911936238938935149,miraizon cinematize 2 (mac),miraizon cinematize 2,0.5249999999999999
b0001wn0m2,http://www.google.com/base/feeds/snippets/17784299186975876292,microsoft office 2004 standard (mac),microsoft office 2004 standard,0.5599999999999999
b000hlt5hq,http://www.google.com/base/feeds/snippets/14850746046276671647,pc tools spyware doctor 2007,pc tools spyware doctor 2007,0.7
b000bwzzlg,http://www.google.com/base/feeds/snippets/2793425352847818039,apple mac os x tiger 10.4.6 (mac dvd),apple mac os x 10.4.6 tiger,0.6222222222222221
b00094ot4a,http://www.google.com/base/feeds/snippets/17708460496974727302,chronos stickybrain 3.0 (mac),chronos stickybrain 3.0,0.5599999999999999
b000exu9ay,http://www.google.com/base/feeds/snippets/18430618972729825710,print explosion deluxe 3.0 (mac),print explosion deluxe 3.0: mac,0.7
b000ndibbo,http://www.google.com/base/feeds/snippets/16934204320953872944,adobe indesign cs3 upgrade from pagemaker [mac],adobe indesign cs3 for mac upgrade from pagemaker,0.6124999999999999
b000bx0006,http://www.google.com/base/feeds/snippets/17214545032473425136,apple mac os x tiger 10.4.6 family pack (mac),apple mac os x 10.4.6 tiger family pack,0.7
b000pijt6i,http://www.google.com/base/feeds/snippets/11864565884016177982,3d home architect landscape design deluxe version 9,encore software 13931 - 3d home architect landscape design deluxe version 9,0.509090909090909
b000ivhlgc,http://www.google.com/base/feeds/snippets/16978988391209170797,clickart 1.2 million 2006 dvd,encore inc clickart 1.2 million 2006 dvd,0.5249999999999999
b000byr41s,http://www.google.com/base/feeds/snippets/15073619810931989068,macbackup,macbackup,0.7
b000frs438,http://www.google.com/base/feeds/snippets/16940097910559500208,civil air patrol: search & rescue,abacus civil air patrol - search & rescue,0.5833333333333334
b00029rapc,http://www.google.com/base/feeds/snippets/17059526546034030562,calculation skills v1 add & sub - basic - core learning,sos aggregation company calculation skills v1 add & sub - basic - core learning,0.509090909090909
b000ro5o78,http://www.google.com/base/feeds/snippets/18370662348326877910,sound forge audio studio 9,sound forge audio studio 9,0.7
b000h2421o,http://www.google.com/base/feeds/snippets/17262070833319550928,quicken legal business pro 2007,nolo quicken legal business pro 2007,0.5833333333333334
b000ivkrww,http://www.google.com/base/feeds/snippets/18393792313881524360,window washer,window washer,0.7
b0000c7fpt,http://www.google.com/base/feeds/snippets/17175991674191849246,reel deal casino shuffle master edition,phantom efx reel deal casino shuffle master edition,0.5249999999999999
b00006sijr,http://www.google.com/base/feeds/snippets/6247936198343071793,punch! home design architectura series 18,punch software 41100 punch! home design architectural series 18,0.6888888888888889
b000h229fa,http://www.google.com/base/feeds/snippets/17185994271384879488,print shop 22 pro publisher deluxe,encore inc print shop 22 pro publisher deluxe,0.5249999999999999
b000067fk7,http://www.google.com/base/feeds/snippets/9122006997888271580,punch! professional home design suite,punch software 14100 punch! professional home design suite for windows,0.6888888888888889
b00002s6sc,http://www.google.com/base/feeds/snippets/14941513108998426217,punch 5 in 1 home design,punch software 20100 punch! 5 in 1 home design,0.825
b00006sijq,http://www.google.com/base/feeds/snippets/6247936198343071793,punch! home design architectural series 18,punch software 41100 punch! home design architectural series 18,0.825
b000o27rgy,http://www.google.com/base/feeds/snippets/9043771553757075875,adobe soundbooth cs3,adobe soundbooth cs3,0.7
b00006jo4g,http://www.google.com/base/feeds/snippets/10121034673222484873,punch! super home suite,punch software 17100 punch! super home suite,0.7666666666666666
b000gwfgqk,http://www.google.com/base/feeds/snippets/14174433007580264947,palo alto business plan pro premier 2007,palo alto business plan pro 2007,0.6
b000gkshi6,http://www.google.com/base/feeds/snippets/14174433007580264947,palo alto business plan pro 2007,palo alto business plan pro 2007,0.7
b000oftj8u,http://www.google.com/base/feeds/snippets/4224056639442959853,adobe after effects cs3,adobe cs3 after effects,0.7
b00007g3ai,http://www.google.com/base/feeds/snippets/10901373095934236651,punch! master landscape & home design,punch software 25100 punch! master landscape and home design,0.7375
b0009hj5ve,http://www.google.com/base/feeds/snippets/5100323510083618710,webroot desktop firewall,webroot software 54210 desktop firewall,0.72
b000063v0z,http://www.google.com/base/feeds/snippets/14941513108998426217,punch! 5 in 1 home design,punch software 20100 punch! 5 in 1 home design,0.825
b000p4v8am,http://www.google.com/base/feeds/snippets/17411076438303340250,big tiny little a tiny little christmas,big tiny little big tiny little - a tiny little christmas,0.7
b000v7vz2e,http://www.google.com/base/feeds/snippets/17926987006913487270,jumpstart 4th-6th grade v 2.0 b43,knowledge adventure inc. jumpstart 4th-6th grade v 2.0 b43,0.509090909090909
b000ezmxcy,http://www.google.com/base/feeds/snippets/17440820469218114890,ultra sudoku/ultra kakuro,abacus ultra sudoku/ultra kakuro,0.5249999999999999
b000b6jasg,http://www.google.com/base/feeds/snippets/17471276055285923188,piano wizard premier software & stickers & midi cable,re:launch piano wizard premier software & stickers & midi cable,0.5444444444444444
b000i7zabo,http://www.google.com/base/feeds/snippets/17479437813216357894,ca antivirus 2007,ca antivirus 2007,0.7
b000jx5rz6,http://www.google.com/base/feeds/snippets/17634318125830822917,findex quickverse bible study 2007 bible-suite,findex.com inc quickverse bible study 2007 bible suite,0.5249999999999999
b0000yebre,http://www.google.com/base/feeds/snippets/4921806606938865897,simple slide show,simple slide show,0.7
b000bgtvbc,http://www.google.com/base/feeds/snippets/15661314377252665074,instant immersion translator deluxe 2.0,instant immersion translator deluxe 2.0,0.7
b000v7vz1u,http://www.google.com/base/feeds/snippets/17615743519264436737,onone essentials for adobe photoshop elements version 2 - full,onone software essentials for adobe photoshop elements version 2 - full,0.63
b000rhdusa,http://www.google.com/base/feeds/snippets/11927579066669830952,age of empires iii: the warchiefs expansion pack (mac),age of empires iii: warchiefs expansion pack,0.5444444444444444
b000ezmxz6,http://www.google.com/base/feeds/snippets/18127050167172376780,delorme topo usa mapping software 6.0 east region,delorme mapping topo usa 6.0 east region,0.6222222222222221
b000v9yxj4,http://www.google.com/base/feeds/snippets/17521446718236049500,nero 8 ultra edition,nero inc nero 8 ultra edition,0.5599999999999999
b000nkklwy,http://www.google.com/base/feeds/snippets/16146349805118916421,power translator 11 premium,power translator(tm) 11 premium,0.5599999999999999
b000kmaa8a,http://www.google.com/base/feeds/snippets/17648688592984612014,visual thesaurus the - thinkmap inc.,csdc visual thesaurus the - thinkmap inc.,0.5833333333333334
